[{"model": "schedule.schoolclass", "pk": 1, "fields": {"name": "1Iron"}}, {"model": "schedule.schoolclass", "pk": 2, "fields": {"name": "1Steel"}}, {"model": "schedule.schoolclass", "pk": 3, "fields": {"name": "1Tin"}}, {"model": "schedule.schoolclass", "pk": 4, "fields": {"name": "1Pewter"}}, {"model": "schedule.schoolclass", "pk": 5, "fields": {"name": "2Iron"}}, {"model": "schedule.schoolclass", "pk": 6, "fields": {"name": "2Steel"}}, {"model": "schedule.schoolclass", "pk": 7, "fields": {"name": "2Tin"}}, {"model": "schedule.schoolclass", "pk": 8, "fields": {"name": "2Pewter"}}, {"model": "schedule.schoolclass", "pk": 9, "fields": {"name": "3Iron"}}, {"model": "schedule.schoolclass", "pk": 10, "fields": {"name": "3Steel"}}, {"model": "schedule.schoolclass", "pk": 11, "fields": {"name": "3Tin"}}, {"model": "schedule.schoolclass", "pk": 12, "fields": {"name": "3Pewter"}}, {"model": "schedule.teacher", "pk": 1, "fields": {"name": "Edwarn Hammondess"}}, {"model": "schedule.teacher", "pk": 2, "fields": {"name": "Allrianne Elariel"}}, {"model": "schedule.teacher", "pk": 3, "fields": {"name": "Augustin Innate"}}, {"model": "schedule.teacher", "pk": 4, "fields": {"name": "Augustin Shezler"}}, {"model": "schedule.teacher", "pk": 5, "fields": {"name": "Lesan Melstrom"}}, {"model": "schedule.teacher", "pk": 6, "fields": {"name": "Callins Ladrian"}}, {"model": "schedule.teacher", "pk": 7, "fields": {"name": "Edgard Barrington"}}, {"model": "schedule.teacher", "pk": 8, "fields": {"name": "Dorise Shezler"}}, {"model": "schedule.teacher", "pk": 9, "fields": {"name": "Edgard Yomen"}}, {"model": "schedule.teacher", "pk": 10, "fields": {"name": "Ardous Delouse"}}, {"model": "schedule.teacher", "pk": 11, "fields": {"name": "Antillus Hammondess"}}, {"model": "schedule.teacher", "pk": 12, "fields": {"name": "Antillus Cett"}}, {"model": "schedule.teacher", "pk": 13, "fields": {"name": "Aving Ladrian"}}, {"model": "schedule.teacher", "pk": 14, "fields": {"name": "Reshelle Mecant"}}, {"model": "schedule.teacher", "pk": 15, "fields": {"name": "Chapmot Mecant"}}, {"model": "schedule.teacher", "pk": 16, "fields": {"name": "Ashweather Delouse"}}, {"model": "schedule.student", "pk": 1, "fields": {"name": "Augustin Geffenry", "school_class": 1}}, {"model": "schedule.student", "pk": 2, "fields": {"name": "Augustin Hammondess", "school_class": 2}}, {"model": "schedule.student", "pk": 3, "fields": {"name": "Chapmot Davenpleu", "school_class": 3}}, {"model": "schedule.student", "pk": 4, "fields": {"name": "Maraga Melstrom", "school_class": 4}}, {"model": "schedule.student", "pk": 5, "fields": {"name": "Ardous Cett", "school_class": 5}}, {"model": "schedule.student", "pk": 6, "fields": {"name": "Edgard Tarcsel", "school_class": 6}}, {"model": "schedule.student", "pk": 7, "fields": {"name": "Dorise Ladrian", "school_class": 7}}, {"model": "schedule.student", "pk": 8, "fields": {"name": "Dorise Heviers", "school_class": 8}}, {"model": "schedule.student", "pk": 9, "fields": {"name": "Reshelle Ahlstrom", "school_class": 9}}, {"model": "schedule.student", "pk": 10, "fields": {"name": "Ashweather Dagouter", "school_class": 10}}, {"model": "schedule.student", "pk": 11, "fields": {"name": "Lesan Dagouter", "school_class": 11}}, {"model": "schedule.student", "pk": 12, "fields": {"name": "Reshelle Terrisborn", "school_class": 12}}, {"model": "schedule.student", "pk": 13, "fields": {"name": "Allrianne Davenpleu", "school_class": 1}}, {"model": "schedule.student", "pk": 14, "fields": {"name": "Lesan Hammondess", "school_class": 2}}, {"model": "schedule.student", "pk": 15, "fields": {"name": "Edwarn Shores", "school_class": 3}}, {"model": "schedule.student", "pk": 16, "fields": {"name": "Bastien Tarcsel", "school_class": 4}}, {"model": "schedule.student", "pk": 17, "fields": {"name": "Trevva Dagouter", "school_class": 5}}, {"model": "schedule.student", "pk": 18, "fields": {"name": "Lesan Grimes", "school_class": 6}}, {"model": "schedule.student", "pk": 19, "fields": {"name": "Maraga Mecant", "school_class": 7}}, {"model": "schedule.student", "pk": 20, "fields": {"name": "Aving Heviers", "school_class": 8}}, {"model": "schedule.student", "pk": 21, "fields": {"name": "Aving Venture", "school_class": 9}}, {"model": "schedule.student", "pk": 22, "fields": {"name": "Allrianne Ladrian", "school_class": 10}}, {"model": "schedule.student", "pk": 23, "fields": {"name": "Maraga Shezler", "school_class": 11}}, {"model": "schedule.student", "pk": 24, "fields": {"name": "Aradan Cett", "school_class": 12}}, {"model": "schedule.student", "pk": 25, "fields": {"name": "Augustin Tarcsel", "school_class": 1}}, {"model": "schedule.student", "pk": 26, "fields": {"name": "Edgard Shores", "school_class": 2}}, {"model": "schedule.student", "pk": 27, "fields": {"name": "Dupon Ahlstrom", "school_class": 3}}, {"model": "schedule.student", "pk": 28, "fields": {"name": "Aradan Yomen", "school_class": 4}}, {"model": "schedule.student", "pk": 29, "fields": {"name": "Callins Shezler", "school_class": 5}}, {"model": "schedule.student", "pk": 30, "fields": {"name": "Dowser Mecant", "school_class": 6}}, {"model": "schedule.student", "pk": 31, "fields": {"name": "Lesan Davenpleu", "school_class": 7}}, {"model": "schedule.student", "pk": 32, "fields": {"name": "Ashweather Tarcsel", "school_class": 8}}, {"model": "schedule.student", "pk": 33, "fields": {"name": "Maraga Delouse", "school_class": 9}}, {"model": "schedule.student", "pk": 34, "fields": {"name": "Ardous Melstrom", "school_class": 10}}, {"model": "schedule.student", "pk": 35, "fields": {"name": "Chapmot Melstrom", "school_class": 11}}, {"model": "schedule.student", "pk": 36, "fields": {"name": "Maraga Ahlstrom", "school_class": 12}}, {"model": "schedule.student", "pk": 37, "fields": {"name": "Ashweather Innate", "school_class": 1}}, {"model": "schedule.student", "pk": 38, "fields": {"name": "Lesan Geffenry", "school_class": 2}}, {"model": "schedule.student", "pk": 39, "fields": {"name": "Dowser Davenpleu", "school_class": 3}}, {"model": "schedule.student", "pk": 40, "fields": {"name": "Lesan Elariel", "school_class": 4}}, {"model": "schedule.student", "pk": 41, "fields": {"name": "Lesan Venture", "school_class": 5}}, {"model": "schedule.student", "pk": 42, "fields": {"name": "Bastien Geffenry", "school_class": 6}}, {"model": "schedule.student", "pk": 43, "fields": {"name": "Aving Davenpleu", "school_class": 7}}, {"model": "schedule.student", "pk": 44, "fields": {"name": "Ardous Liese", "school_class": 8}}, {"model": "schedule.student", "pk": 45, "fields": {"name": "Edgard Melstrom", "school_class": 9}}, {"model": "schedule.student", "pk": 46, "fields": {"name": "Dupon Innate", "school_class": 10}}, {"model": "schedule.student", "pk": 47, "fields": {"name": "Maraga Shores", "school_class": 11}}, {"model": "schedule.student", "pk": 48, "fields": {"name": "Allrianne Grimes", "school_class": 12}}, {"model": "schedule.student", "pk": 49, "fields": {"name": "Ashweather Mecant", "school_class": 1}}, {"model": "schedule.student", "pk": 50, "fields": {"name": "Dowser Liese", "school_class": 2}}, {"model": "schedule.student", "pk": 51, "fields": {"name": "Ardous Shezler", "school_class": 3}}, {"model": "schedule.student", "pk": 52, "fields": {"name": "Chapmot Shezler", "school_class": 4}}, {"model": "schedule.student", "pk": 53, "fields": {"name": "Edgard Cett", "school_class": 5}}, {"model": "schedule.student", "pk": 54, "fields": {"name": "Dupon Heviers", "school_class": 6}}, {"model": "schedule.student", "pk": 55, "fields": {"name": "Allrianne Cett", "school_class": 7}}, {"model": "schedule.student", "pk": 56, "fields": {"name": "Reshelle Cett", "school_class": 8}}, {"model": "schedule.student", "pk": 57, "fields": {"name": "Edgard Delouse", "school_class": 9}}, {"model": "schedule.student", "pk": 58, "fields": {"name": "Trevva Shezler", "school_class": 10}}, {"model": "schedule.student", "pk": 59, "fields": {"name": "Edwarn Ahlstrom", "school_class": 11}}, {"model": "schedule.student", "pk": 60, "fields": {"name": "Edgard Venture", "school_class": 12}}, {"model": "schedule.student", "pk": 61, "fields": {"name": "Ashweather Shores", "school_class": 1}}, {"model": "schedule.student", "pk": 62, "fields": {"name": "Allrianne Barrington", "school_class": 2}}, {"model": "schedule.student", "pk": 63, "fields": {"name": "Ardous Yomen", "school_class": 3}}, {"model": "schedule.student", "pk": 64, "fields": {"name": "Augustin Yomen", "school_class": 4}}, {"model": "schedule.student", "pk": 65, "fields": {"name": "Antillus Innate", "school_class": 5}}, {"model": "schedule.student", "pk": 66, "fields": {"name": "Lesan Liese", "school_class": 6}}, {"model": "schedule.student", "pk": 67, "fields": {"name": "Aradan Shezler", "school_class": 7}}, {"model": "schedule.student", "pk": 68, "fields": {"name": "Trevva Liese", "school_class": 8}}, {"model": "schedule.student", "pk": 69, "fields": {"name": "Bastien Innate", "school_class": 9}}, {"model": "schedule.student", "pk": 70, "fields": {"name": "Maraga Cett", "school_class": 10}}, {"model": "schedule.student", "pk": 71, "fields": {"name": "Edgard Elariel", "school_class": 11}}, {"model": "schedule.student", "pk": 72, "fields": {"name": "Callins Yomen", "school_class": 12}}, {"model": "schedule.student", "pk": 73, "fields": {"name": "Dowser Venture", "school_class": 1}}, {"model": "schedule.student", "pk": 74, "fields": {"name": "Dorise Yomen", "school_class": 2}}, {"model": "schedule.student", "pk": 75, "fields": {"name": "Trevva Innate", "school_class": 3}}, {"model": "schedule.student", "pk": 76, "fields": {"name": "Reshelle Dagouter", "school_class": 4}}, {"model": "schedule.student", "pk": 77, "fields": {"name": "Callins Elariel", "school_class": 5}}, {"model": "schedule.student", "pk": 78, "fields": {"name": "Reshelle Ladrian", "school_class": 6}}, {"model": "schedule.student", "pk": 79, "fields": {"name": "Edwarn Venture", "school_class": 7}}, {"model": "schedule.student", "pk": 80, "fields": {"name": "Ashweather Grimes", "school_class": 8}}, {"model": "schedule.student", "pk": 81, "fields": {"name": "Lesan Heviers", "school_class": 9}}, {"model": "schedule.student", "pk": 82, "fields": {"name": "Chapmot Terrisborn", "school_class": 10}}, {"model": "schedule.student", "pk": 83, "fields": {"name": "Dupon Liese", "school_class": 11}}, {"model": "schedule.student", "pk": 84, "fields": {"name": "Trevva Ahlstrom", "school_class": 12}}, {"model": "schedule.student", "pk": 85, "fields": {"name": "Ardous Mecant", "school_class": 1}}, {"model": "schedule.student", "pk": 86, "fields": {"name": "Antillus Grimes", "school_class": 2}}, {"model": "schedule.student", "pk": 87, "fields": {"name": "Callins Delouse", "school_class": 3}}, {"model": "schedule.student", "pk": 88, "fields": {"name": "Maraga Innate", "school_class": 4}}, {"model": "schedule.student", "pk": 89, "fields": {"name": "Bastien Ladrian", "school_class": 5}}, {"model": "schedule.student", "pk": 90, "fields": {"name": "Ashweather Cett", "school_class": 6}}, {"model": "schedule.student", "pk": 91, "fields": {"name": "Edwarn Elariel", "school_class": 7}}, {"model": "schedule.student", "pk": 92, "fields": {"name": "Aving Hammondess", "school_class": 8}}, {"model": "schedule.student", "pk": 93, "fields": {"name": "Ardous Geffenry", "school_class": 9}}, {"model": "schedule.student", "pk": 94, "fields": {"name": "Augustin Ahlstrom", "school_class": 10}}, {"model": "schedule.student", "pk": 95, "fields": {"name": "Trevva Tarcsel", "school_class": 11}}, {"model": "schedule.student", "pk": 96, "fields": {"name": "Callins Shores", "school_class": 12}}, {"model": "schedule.student", "pk": 97, "fields": {"name": "Augustin Melstrom", "school_class": 1}}, {"model": "schedule.student", "pk": 98, "fields": {"name": "Aving Elariel", "school_class": 2}}, {"model": "schedule.student", "pk": 99, "fields": {"name": "Chapmot Ladrian", "school_class": 3}}, {"model": "schedule.student", "pk": 100, "fields": {"name": "Allrianne Hammondess", "school_class": 4}}, {"model": "schedule.student", "pk": 101, "fields": {"name": "Dupon Elariel", "school_class": 5}}, {"model": "schedule.student", "pk": 102, "fields": {"name": "Chapmot Grimes", "school_class": 6}}, {"model": "schedule.student", "pk": 103, "fields": {"name": "Bastien Cett", "school_class": 7}}, {"model": "schedule.student", "pk": 104, "fields": {"name": "Ardous Innate", "school_class": 8}}, {"model": "schedule.student", "pk": 105, "fields": {"name": "Dowser Dagouter", "school_class": 9}}, {"model": "schedule.student", "pk": 106, "fields": {"name": "Edwarn Shezler", "school_class": 10}}, {"model": "schedule.student", "pk": 107, "fields": {"name": "Edwarn Delouse", "school_class": 11}}, {"model": "schedule.student", "pk": 108, "fields": {"name": "Reshelle Elariel", "school_class": 12}}, {"model": "schedule.student", "pk": 109, "fields": {"name": "Reshelle Grimes", "school_class": 1}}, {"model": "schedule.student", "pk": 110, "fields": {"name": "Augustin Mecant", "school_class": 2}}, {"model": "schedule.student", "pk": 111, "fields": {"name": "Callins Heviers", "school_class": 3}}, {"model": "schedule.student", "pk": 112, "fields": {"name": "Dupon Dagouter", "school_class": 4}}, {"model": "schedule.student", "pk": 113, "fields": {"name": "Ardous Hammondess", "school_class": 5}}, {"model": "schedule.student", "pk": 114, "fields": {"name": "Bastien Dagouter", "school_class": 6}}, {"model": "schedule.student", "pk": 115, "fields": {"name": "Callins Innate", "school_class": 7}}, {"model": "schedule.student", "pk": 116, "fields": {"name": "Bastien Shores", "school_class": 8}}, {"model": "schedule.student", "pk": 117, "fields": {"name": "Dupon Venture", "school_class": 9}}, {"model": "schedule.student", "pk": 118, "fields": {"name": "Aradan Davenpleu", "school_class": 10}}, {"model": "schedule.student", "pk": 119, "fields": {"name": "Augustin Delouse", "school_class": 11}}, {"model": "schedule.student", "pk": 120, "fields": {"name": "Aving Grimes", "school_class": 12}}, {"model": "schedule.student", "pk": 121, "fields": {"name": "Maraga Liese", "school_class": 1}}, {"model": "schedule.student", "pk": 122, "fields": {"name": "Dupon Terrisborn", "school_class": 2}}, {"model": "schedule.student", "pk": 123, "fields": {"name": "Ardous Ahlstrom", "school_class": 3}}, {"model": "schedule.student", "pk": 124, "fields": {"name": "Maraga Ladrian", "school_class": 4}}, {"model": "schedule.student", "pk": 125, "fields": {"name": "Edwarn Mecant", "school_class": 5}}, {"model": "schedule.student", "pk": 126, "fields": {"name": "Dowser Innate", "school_class": 6}}, {"model": "schedule.student", "pk": 127, "fields": {"name": "Ardous Shores", "school_class": 7}}, {"model": "schedule.student", "pk": 128, "fields": {"name": "Dowser Geffenry", "school_class": 8}}, {"model": "schedule.student", "pk": 129, "fields": {"name": "Aradan Venture", "school_class": 9}}, {"model": "schedule.student", "pk": 130, "fields": {"name": "Dorise Ahlstrom", "school_class": 10}}, {"model": "schedule.student", "pk": 131, "fields": {"name": "Aradan Shores", "school_class": 11}}, {"model": "schedule.student", "pk": 132, "fields": {"name": "Dupon Delouse", "school_class": 12}}, {"model": "schedule.student", "pk": 133, "fields": {"name": "Dorise Venture", "school_class": 1}}, {"model": "schedule.student", "pk": 134, "fields": {"name": "Maraga Dagouter", "school_class": 2}}, {"model": "schedule.student", "pk": 135, "fields": {"name": "Edgard Innate", "school_class": 3}}, {"model": "schedule.student", "pk": 136, "fields": {"name": "Bastien Delouse", "school_class": 4}}, {"model": "schedule.student", "pk": 137, "fields": {"name": "Maraga Hammondess", "school_class": 5}}, {"model": "schedule.student", "pk": 138, "fields": {"name": "Trevva Yomen", "school_class": 6}}, {"model": "schedule.student", "pk": 139, "fields": {"name": "Aradan Geffenry", "school_class": 7}}, {"model": "schedule.student", "pk": 140, "fields": {"name": "Dowser Grimes", "school_class": 8}}, {"model": "schedule.student", "pk": 141, "fields": {"name": "Antillus Davenpleu", "school_class": 9}}, {"model": "schedule.student", "pk": 142, "fields": {"name": "Dupon Grimes", "school_class": 10}}, {"model": "schedule.student", "pk": 143, "fields": {"name": "Aradan Liese", "school_class": 11}}, {"model": "schedule.student", "pk": 144, "fields": {"name": "Chapmot Tarcsel", "school_class": 12}}, {"model": "schedule.student", "pk": 145, "fields": {"name": "Dowser Tarcsel", "school_class": 1}}, {"model": "schedule.student", "pk": 146, "fields": {"name": "Augustin Terrisborn", "school_class": 2}}, {"model": "schedule.student", "pk": 147, "fields": {"name": "Dorise Liese", "school_class": 3}}, {"model": "schedule.student", "pk": 148, "fields": {"name": "Edwarn Melstrom", "school_class": 4}}, {"model": "schedule.student", "pk": 149, "fields": {"name": "Trevva Hammondess", "school_class": 5}}, {"model": "schedule.student", "pk": 150, "fields": {"name": "Trevva Delouse", "school_class": 6}}, {"model": "schedule.student", "pk": 151, "fields": {"name": "Ashweather Terrisborn", "school_class": 7}}, {"model": "schedule.student", "pk": 152, "fields": {"name": "Ashweather Barrington", "school_class": 8}}, {"model": "schedule.student", "pk": 153, "fields": {"name": "Maraga Tarcsel", "school_class": 9}}, {"model": "schedule.student", "pk": 154, "fields": {"name": "Dorise Cett", "school_class": 10}}, {"model": "schedule.student", "pk": 155, "fields": {"name": "Callins Geffenry", "school_class": 11}}, {"model": "schedule.student", "pk": 156, "fields": {"name": "Augustin Ladrian", "school_class": 12}}, {"model": "schedule.student", "pk": 157, "fields": {"name": "Dupon Hammondess", "school_class": 1}}, {"model": "schedule.student", "pk": 158, "fields": {"name": "Aradan Melstrom", "school_class": 2}}, {"model": "schedule.student", "pk": 159, "fields": {"name": "Dowser Shezler", "school_class": 3}}, {"model": "schedule.student", "pk": 160, "fields": {"name": "Chapmot Geffenry", "school_class": 4}}, {"model": "schedule.subject", "pk": 1, "fields": {"name": "Maths", "teacher": 1}}, {"model": "schedule.subject", "pk": 2, "fields": {"name": "Metalurgy", "teacher": 2}}, {"model": "schedule.subject", "pk": 3, "fields": {"name": "Physics", "teacher": 3}}, {"model": "schedule.subject", "pk": 4, "fields": {"name": "Terris Language", "teacher": 4}}, {"model": "schedule.subject", "pk": 5, "fields": {"name": "Malwish Language", "teacher": 5}}, {"model": "schedule.subject", "pk": 6, "fields": {"name": "High Imperial Language", "teacher": 6}}, {"model": "schedule.subject", "pk": 7, "fields": {"name": "History - classic", "teacher": 7}}, {"model": "schedule.subject", "pk": 8, "fields": {"name": "History - empire", "teacher": 8}}, {"model": "schedule.subject", "pk": 9, "fields": {"name": "History - post-catacendre", "teacher": 9}}, {"model": "schedule.subject", "pk": 10, "fields": {"name": "Hemalurgic biology", "teacher": 10}}, {"model": "schedule.subject", "pk": 11, "fields": {"name": "Biology", "teacher": 11}}, {"model": "schedule.subject", "pk": 12, "fields": {"name": "Applied theology", "teacher": 12}}, {"model": "schedule.subject", "pk": 13, "fields": {"name": "Metallic arts", "teacher": 13}}, {"model": "schedule.subject", "pk": 14, "fields": {"name": "Investiture sciences", "teacher": 14}}, {"model": "schedule.subject", "pk": 15, "fields": {"name": "Physical education", "teacher": 15}}, {"model": "schedule.subject", "pk": 16, "fields": {"name": "Cosmereology", "teacher": 16}}, {"model": "schedule.schedule", "pk": 1, "fields": {"school_class": 1, "subject": 10, "dow": 1, "hour": "08:00:00"}}, {"model": "schedule.schedule", "pk": 2, "fields": {"school_class": 2, "subject": 15, "dow": 1, "hour": "08:00:00"}}, {"model": "schedule.schedule", "pk": 3, "fields": {"school_class": 3, "subject": 3, "dow": 1, "hour": "08:00:00"}}, {"model": "schedule.schedule", "pk": 4, "fields": {"school_class": 4, "subject": 4, "dow": 1, "hour": "08:00:00"}}, {"model": "schedule.schedule", "pk": 5, "fields": {"school_class": 5, "subject": 9, "dow": 1, "hour": "08:00:00"}}, {"model": "schedule.schedule", "pk": 6, "fields": {"school_class": 6, "subject": 14, "dow": 1, "hour": "08:00:00"}}, {"model": "schedule.schedule", "pk": 7, "fields": {"school_class": 7, "subject": 6, "dow": 1, "hour": "08:00:00"}}, {"model": "schedule.schedule", "pk": 8, "fields": {"school_class": 8, "subject": 12, "dow": 1, "hour": "08:00:00"}}, {"model": "schedule.schedule", "pk": 9, "fields": {"school_class": 9, "subject": 11, "dow": 1, "hour": "08:00:00"}}, {"model": "schedule.schedule", "pk": 10, "fields": {"school_class": 10, "subject": 13, "dow": 1, "hour": "08:00:00"}}, {"model": "schedule.schedule", "pk": 11, "fields": {"school_class": 11, "subject": 7, "dow": 1, "hour": "08:00:00"}}, {"model": "schedule.schedule", "pk": 12, "fields": {"school_class": 12, "subject": 5, "dow": 1, "hour": "08:00:00"}}, {"model": "schedule.schedule", "pk": 13, "fields": {"school_class": 1, "subject": 4, "dow": 1, "hour": "09:00:00"}}, {"model": "schedule.schedule", "pk": 14, "fields": {"school_class": 2, "subject": 5, "dow": 1, "hour": "09:00:00"}}, {"model": "schedule.schedule", "pk": 15, "fields": {"school_class": 3, "subject": 3, "dow": 1, "hour": "09:00:00"}}, {"model": "schedule.schedule", "pk": 16, "fields": {"school_class": 4, "subject": 10, "dow": 1, "hour": "09:00:00"}}, {"model": "schedule.schedule", "pk": 17, "fields": {"school_class": 5, "subject": 12, "dow": 1, "hour": "09:00:00"}}, {"model": "schedule.schedule", "pk": 18, "fields": {"school_class": 6, "subject": 16, "dow": 1, "hour": "09:00:00"}}, {"model": "schedule.schedule", "pk": 19, "fields": {"school_class": 7, "subject": 6, "dow": 1, "hour": "09:00:00"}}, {"model": "schedule.schedule", "pk": 20, "fields": {"school_class": 8, "subject": 7, "dow": 1, "hour": "09:00:00"}}, {"model": "schedule.schedule", "pk": 21, "fields": {"school_class": 9, "subject": 2, "dow": 1, "hour": "09:00:00"}}, {"model": "schedule.schedule", "pk": 22, "fields": {"school_class": 10, "subject": 9, "dow": 1, "hour": "09:00:00"}}, {"model": "schedule.schedule", "pk": 23, "fields": {"school_class": 11, "subject": 8, "dow": 1, "hour": "09:00:00"}}, {"model": "schedule.schedule", "pk": 24, "fields": {"school_class": 12, "subject": 13, "dow": 1, "hour": "09:00:00"}}, {"model": "schedule.schedule", "pk": 25, "fields": {"school_class": 1, "subject": 3, "dow": 1, "hour": "10:00:00"}}, {"model": "schedule.schedule", "pk": 26, "fields": {"school_class": 2, "subject": 15, "dow": 1, "hour": "10:00:00"}}, {"model": "schedule.schedule", "pk": 27, "fields": {"school_class": 3, "subject": 13, "dow": 1, "hour": "10:00:00"}}, {"model": "schedule.schedule", "pk": 28, "fields": {"school_class": 4, "subject": 16, "dow": 1, "hour": "10:00:00"}}, {"model": "schedule.schedule", "pk": 29, "fields": {"school_class": 5, "subject": 4, "dow": 1, "hour": "10:00:00"}}, {"model": "schedule.schedule", "pk": 30, "fields": {"school_class": 6, "subject": 11, "dow": 1, "hour": "10:00:00"}}, {"model": "schedule.schedule", "pk": 31, "fields": {"school_class": 7, "subject": 7, "dow": 1, "hour": "10:00:00"}}, {"model": "schedule.schedule", "pk": 32, "fields": {"school_class": 8, "subject": 1, "dow": 1, "hour": "10:00:00"}}, {"model": "schedule.schedule", "pk": 33, "fields": {"school_class": 9, "subject": 5, "dow": 1, "hour": "10:00:00"}}, {"model": "schedule.schedule", "pk": 34, "fields": {"school_class": 10, "subject": 14, "dow": 1, "hour": "10:00:00"}}, {"model": "schedule.schedule", "pk": 35, "fields": {"school_class": 11, "subject": 9, "dow": 1, "hour": "10:00:00"}}, {"model": "schedule.schedule", "pk": 36, "fields": {"school_class": 12, "subject": 12, "dow": 1, "hour": "10:00:00"}}, {"model": "schedule.schedule", "pk": 37, "fields": {"school_class": 1, "subject": 13, "dow": 1, "hour": "11:00:00"}}, {"model": "schedule.schedule", "pk": 38, "fields": {"school_class": 2, "subject": 2, "dow": 1, "hour": "11:00:00"}}, {"model": "schedule.schedule", "pk": 39, "fields": {"school_class": 3, "subject": 5, "dow": 1, "hour": "11:00:00"}}, {"model": "schedule.schedule", "pk": 40, "fields": {"school_class": 4, "subject": 9, "dow": 1, "hour": "11:00:00"}}, {"model": "schedule.schedule", "pk": 41, "fields": {"school_class": 5, "subject": 7, "dow": 1, "hour": "11:00:00"}}, {"model": "schedule.schedule", "pk": 42, "fields": {"school_class": 6, "subject": 10, "dow": 1, "hour": "11:00:00"}}, {"model": "schedule.schedule", "pk": 43, "fields": {"school_class": 7, "subject": 11, "dow": 1, "hour": "11:00:00"}}, {"model": "schedule.schedule", "pk": 44, "fields": {"school_class": 8, "subject": 16, "dow": 1, "hour": "11:00:00"}}, {"model": "schedule.schedule", "pk": 45, "fields": {"school_class": 9, "subject": 3, "dow": 1, "hour": "11:00:00"}}, {"model": "schedule.schedule", "pk": 46, "fields": {"school_class": 10, "subject": 6, "dow": 1, "hour": "11:00:00"}}, {"model": "schedule.schedule", "pk": 47, "fields": {"school_class": 11, "subject": 14, "dow": 1, "hour": "11:00:00"}}, {"model": "schedule.schedule", "pk": 48, "fields": {"school_class": 12, "subject": 15, "dow": 1, "hour": "11:00:00"}}, {"model": "schedule.schedule", "pk": 49, "fields": {"school_class": 1, "subject": 15, "dow": 1, "hour": "12:00:00"}}, {"model": "schedule.schedule", "pk": 50, "fields": {"school_class": 2, "subject": 8, "dow": 1, "hour": "12:00:00"}}, {"model": "schedule.schedule", "pk": 51, "fields": {"school_class": 3, "subject": 11, "dow": 1, "hour": "12:00:00"}}, {"model": "schedule.schedule", "pk": 52, "fields": {"school_class": 4, "subject": 16, "dow": 1, "hour": "12:00:00"}}, {"model": "schedule.schedule", "pk": 53, "fields": {"school_class": 5, "subject": 4, "dow": 1, "hour": "12:00:00"}}, {"model": "schedule.schedule", "pk": 54, "fields": {"school_class": 6, "subject": 7, "dow": 1, "hour": "12:00:00"}}, {"model": "schedule.schedule", "pk": 55, "fields": {"school_class": 7, "subject": 3, "dow": 1, "hour": "12:00:00"}}, {"model": "schedule.schedule", "pk": 56, "fields": {"school_class": 8, "subject": 10, "dow": 1, "hour": "12:00:00"}}, {"model": "schedule.schedule", "pk": 57, "fields": {"school_class": 9, "subject": 13, "dow": 1, "hour": "12:00:00"}}, {"model": "schedule.schedule", "pk": 58, "fields": {"school_class": 10, "subject": 9, "dow": 1, "hour": "12:00:00"}}, {"model": "schedule.schedule", "pk": 59, "fields": {"school_class": 11, "subject": 2, "dow": 1, "hour": "12:00:00"}}, {"model": "schedule.schedule", "pk": 60, "fields": {"school_class": 12, "subject": 1, "dow": 1, "hour": "12:00:00"}}, {"model": "schedule.schedule", "pk": 61, "fields": {"school_class": 1, "subject": 16, "dow": 1, "hour": "13:00:00"}}, {"model": "schedule.schedule", "pk": 62, "fields": {"school_class": 2, "subject": 11, "dow": 1, "hour": "13:00:00"}}, {"model": "schedule.schedule", "pk": 63, "fields": {"school_class": 3, "subject": 9, "dow": 1, "hour": "13:00:00"}}, {"model": "schedule.schedule", "pk": 64, "fields": {"school_class": 4, "subject": 15, "dow": 1, "hour": "13:00:00"}}, {"model": "schedule.schedule", "pk": 65, "fields": {"school_class": 5, "subject": 2, "dow": 1, "hour": "13:00:00"}}, {"model": "schedule.schedule", "pk": 66, "fields": {"school_class": 6, "subject": 13, "dow": 1, "hour": "13:00:00"}}, {"model": "schedule.schedule", "pk": 67, "fields": {"school_class": 7, "subject": 3, "dow": 1, "hour": "13:00:00"}}, {"model": "schedule.schedule", "pk": 68, "fields": {"school_class": 8, "subject": 1, "dow": 1, "hour": "13:00:00"}}, {"model": "schedule.schedule", "pk": 69, "fields": {"school_class": 9, "subject": 7, "dow": 1, "hour": "13:00:00"}}, {"model": "schedule.schedule", "pk": 70, "fields": {"school_class": 10, "subject": 10, "dow": 1, "hour": "13:00:00"}}, {"model": "schedule.schedule", "pk": 71, "fields": {"school_class": 11, "subject": 4, "dow": 1, "hour": "13:00:00"}}, {"model": "schedule.schedule", "pk": 72, "fields": {"school_class": 12, "subject": 12, "dow": 1, "hour": "13:00:00"}}, {"model": "schedule.schedule", "pk": 73, "fields": {"school_class": 1, "subject": 5, "dow": 1, "hour": "14:00:00"}}, {"model": "schedule.schedule", "pk": 74, "fields": {"school_class": 2, "subject": 7, "dow": 1, "hour": "14:00:00"}}, {"model": "schedule.schedule", "pk": 75, "fields": {"school_class": 3, "subject": 15, "dow": 1, "hour": "14:00:00"}}, {"model": "schedule.schedule", "pk": 76, "fields": {"school_class": 4, "subject": 4, "dow": 1, "hour": "14:00:00"}}, {"model": "schedule.schedule", "pk": 77, "fields": {"school_class": 5, "subject": 14, "dow": 1, "hour": "14:00:00"}}, {"model": "schedule.schedule", "pk": 78, "fields": {"school_class": 6, "subject": 8, "dow": 1, "hour": "14:00:00"}}, {"model": "schedule.schedule", "pk": 79, "fields": {"school_class": 7, "subject": 1, "dow": 1, "hour": "14:00:00"}}, {"model": "schedule.schedule", "pk": 80, "fields": {"school_class": 8, "subject": 11, "dow": 1, "hour": "14:00:00"}}, {"model": "schedule.schedule", "pk": 81, "fields": {"school_class": 9, "subject": 16, "dow": 1, "hour": "14:00:00"}}, {"model": "schedule.schedule", "pk": 82, "fields": {"school_class": 10, "subject": 13, "dow": 1, "hour": "14:00:00"}}, {"model": "schedule.schedule", "pk": 83, "fields": {"school_class": 11, "subject": 3, "dow": 1, "hour": "14:00:00"}}, {"model": "schedule.schedule", "pk": 84, "fields": {"school_class": 12, "subject": 2, "dow": 1, "hour": "14:00:00"}}, {"model": "schedule.schedule", "pk": 85, "fields": {"school_class": 1, "subject": 8, "dow": 1, "hour": "15:00:00"}}, {"model": "schedule.schedule", "pk": 86, "fields": {"school_class": 2, "subject": 13, "dow": 1, "hour": "15:00:00"}}, {"model": "schedule.schedule", "pk": 87, "fields": {"school_class": 3, "subject": 4, "dow": 1, "hour": "15:00:00"}}, {"model": "schedule.schedule", "pk": 88, "fields": {"school_class": 4, "subject": 6, "dow": 1, "hour": "15:00:00"}}, {"model": "schedule.schedule", "pk": 89, "fields": {"school_class": 5, "subject": 10, "dow": 1, "hour": "15:00:00"}}, {"model": "schedule.schedule", "pk": 90, "fields": {"school_class": 6, "subject": 3, "dow": 1, "hour": "15:00:00"}}, {"model": "schedule.schedule", "pk": 91, "fields": {"school_class": 7, "subject": 2, "dow": 1, "hour": "15:00:00"}}, {"model": "schedule.schedule", "pk": 92, "fields": {"school_class": 8, "subject": 16, "dow": 1, "hour": "15:00:00"}}, {"model": "schedule.schedule", "pk": 93, "fields": {"school_class": 9, "subject": 7, "dow": 1, "hour": "15:00:00"}}, {"model": "schedule.schedule", "pk": 94, "fields": {"school_class": 10, "subject": 15, "dow": 1, "hour": "15:00:00"}}, {"model": "schedule.schedule", "pk": 95, "fields": {"school_class": 11, "subject": 11, "dow": 1, "hour": "15:00:00"}}, {"model": "schedule.schedule", "pk": 96, "fields": {"school_class": 12, "subject": 12, "dow": 1, "hour": "15:00:00"}}, {"model": "schedule.schedule", "pk": 97, "fields": {"school_class": 1, "subject": 13, "dow": 2, "hour": "08:00:00"}}, {"model": "schedule.schedule", "pk": 98, "fields": {"school_class": 2, "subject": 15, "dow": 2, "hour": "08:00:00"}}, {"model": "schedule.schedule", "pk": 99, "fields": {"school_class": 3, "subject": 14, "dow": 2, "hour": "08:00:00"}}, {"model": "schedule.schedule", "pk": 100, "fields": {"school_class": 4, "subject": 4, "dow": 2, "hour": "08:00:00"}}, {"model": "schedule.schedule", "pk": 101, "fields": {"school_class": 5, "subject": 3, "dow": 2, "hour": "08:00:00"}}, {"model": "schedule.schedule", "pk": 102, "fields": {"school_class": 6, "subject": 8, "dow": 2, "hour": "08:00:00"}}, {"model": "schedule.schedule", "pk": 103, "fields": {"school_class": 7, "subject": 10, "dow": 2, "hour": "08:00:00"}}, {"model": "schedule.schedule", "pk": 104, "fields": {"school_class": 8, "subject": 16, "dow": 2, "hour": "08:00:00"}}, {"model": "schedule.schedule", "pk": 105, "fields": {"school_class": 9, "subject": 11, "dow": 2, "hour": "08:00:00"}}, {"model": "schedule.schedule", "pk": 106, "fields": {"school_class": 10, "subject": 6, "dow": 2, "hour": "08:00:00"}}, {"model": "schedule.schedule", "pk": 107, "fields": {"school_class": 11, "subject": 2, "dow": 2, "hour": "08:00:00"}}, {"model": "schedule.schedule", "pk": 108, "fields": {"school_class": 12, "subject": 12, "dow": 2, "hour": "08:00:00"}}, {"model": "schedule.schedule", "pk": 109, "fields": {"school_class": 1, "subject": 12, "dow": 2, "hour": "09:00:00"}}, {"model": "schedule.schedule", "pk": 110, "fields": {"school_class": 2, "subject": 14, "dow": 2, "hour": "09:00:00"}}, {"model": "schedule.schedule", "pk": 111, "fields": {"school_class": 3, "subject": 1, "dow": 2, "hour": "09:00:00"}}, {"model": "schedule.schedule", "pk": 112, "fields": {"school_class": 4, "subject": 15, "dow": 2, "hour": "09:00:00"}}, {"model": "schedule.schedule", "pk": 113, "fields": {"school_class": 5, "subject": 3, "dow": 2, "hour": "09:00:00"}}, {"model": "schedule.schedule", "pk": 114, "fields": {"school_class": 6, "subject": 8, "dow": 2, "hour": "09:00:00"}}, {"model": "schedule.schedule", "pk": 115, "fields": {"school_class": 7, "subject": 4, "dow": 2, "hour": "09:00:00"}}, {"model": "schedule.schedule", "pk": 116, "fields": {"school_class": 8, "subject": 9, "dow": 2, "hour": "09:00:00"}}, {"model": "schedule.schedule", "pk": 117, "fields": {"school_class": 9, "subject": 7, "dow": 2, "hour": "09:00:00"}}, {"model": "schedule.schedule", "pk": 118, "fields": {"school_class": 10, "subject": 5, "dow": 2, "hour": "09:00:00"}}, {"model": "schedule.schedule", "pk": 119, "fields": {"school_class": 11, "subject": 6, "dow": 2, "hour": "09:00:00"}}, {"model": "schedule.schedule", "pk": 120, "fields": {"school_class": 12, "subject": 13, "dow": 2, "hour": "09:00:00"}}, {"model": "schedule.schedule", "pk": 121, "fields": {"school_class": 1, "subject": 11, "dow": 2, "hour": "10:00:00"}}, {"model": "schedule.schedule", "pk": 122, "fields": {"school_class": 2, "subject": 2, "dow": 2, "hour": "10:00:00"}}, {"model": "schedule.schedule", "pk": 123, "fields": {"school_class": 3, "subject": 5, "dow": 2, "hour": "10:00:00"}}, {"model": "schedule.schedule", "pk": 124, "fields": {"school_class": 4, "subject": 10, "dow": 2, "hour": "10:00:00"}}, {"model": "schedule.schedule", "pk": 125, "fields": {"school_class": 5, "subject": 13, "dow": 2, "hour": "10:00:00"}}, {"model": "schedule.schedule", "pk": 126, "fields": {"school_class": 6, "subject": 4, "dow": 2, "hour": "10:00:00"}}, {"model": "schedule.schedule", "pk": 127, "fields": {"school_class": 7, "subject": 9, "dow": 2, "hour": "10:00:00"}}, {"model": "schedule.schedule", "pk": 128, "fields": {"school_class": 8, "subject": 12, "dow": 2, "hour": "10:00:00"}}, {"model": "schedule.schedule", "pk": 129, "fields": {"school_class": 9, "subject": 15, "dow": 2, "hour": "10:00:00"}}, {"model": "schedule.schedule", "pk": 130, "fields": {"school_class": 10, "subject": 7, "dow": 2, "hour": "10:00:00"}}, {"model": "schedule.schedule", "pk": 131, "fields": {"school_class": 11, "subject": 16, "dow": 2, "hour": "10:00:00"}}, {"model": "schedule.schedule", "pk": 132, "fields": {"school_class": 12, "subject": 1, "dow": 2, "hour": "10:00:00"}}, {"model": "schedule.schedule", "pk": 133, "fields": {"school_class": 1, "subject": 7, "dow": 2, "hour": "11:00:00"}}, {"model": "schedule.schedule", "pk": 134, "fields": {"school_class": 2, "subject": 1, "dow": 2, "hour": "11:00:00"}}, {"model": "schedule.schedule", "pk": 135, "fields": {"school_class": 3, "subject": 8, "dow": 2, "hour": "11:00:00"}}, {"model": "schedule.schedule", "pk": 136, "fields": {"school_class": 4, "subject": 2, "dow": 2, "hour": "11:00:00"}}, {"model": "schedule.schedule", "pk": 137, "fields": {"school_class": 5, "subject": 13, "dow": 2, "hour": "11:00:00"}}, {"model": "schedule.schedule", "pk": 138, "fields": {"school_class": 6, "subject": 16, "dow": 2, "hour": "11:00:00"}}, {"model": "schedule.schedule", "pk": 139, "fields": {"school_class": 7, "subject": 11, "dow": 2, "hour": "11:00:00"}}, {"model": "schedule.schedule", "pk": 140, "fields": {"school_class": 8, "subject": 10, "dow": 2, "hour": "11:00:00"}}, {"model": "schedule.schedule", "pk": 141, "fields": {"school_class": 9, "subject": 12, "dow": 2, "hour": "11:00:00"}}, {"model": "schedule.schedule", "pk": 142, "fields": {"school_class": 10, "subject": 14, "dow": 2, "hour": "11:00:00"}}, {"model": "schedule.schedule", "pk": 143, "fields": {"school_class": 11, "subject": 3, "dow": 2, "hour": "11:00:00"}}, {"model": "schedule.schedule", "pk": 144, "fields": {"school_class": 12, "subject": 4, "dow": 2, "hour": "11:00:00"}}, {"model": "schedule.schedule", "pk": 145, "fields": {"school_class": 1, "subject": 16, "dow": 2, "hour": "12:00:00"}}, {"model": "schedule.schedule", "pk": 146, "fields": {"school_class": 2, "subject": 6, "dow": 2, "hour": "12:00:00"}}, {"model": "schedule.schedule", "pk": 147, "fields": {"school_class": 3, "subject": 7, "dow": 2, "hour": "12:00:00"}}, {"model": "schedule.schedule", "pk": 148, "fields": {"school_class": 4, "subject": 9, "dow": 2, "hour": "12:00:00"}}, {"model": "schedule.schedule", "pk": 149, "fields": {"school_class": 5, "subject": 10, "dow": 2, "hour": "12:00:00"}}, {"model": "schedule.schedule", "pk": 150, "fields": {"school_class": 6, "subject": 5, "dow": 2, "hour": "12:00:00"}}, {"model": "schedule.schedule", "pk": 151, "fields": {"school_class": 7, "subject": 2, "dow": 2, "hour": "12:00:00"}}, {"model": "schedule.schedule", "pk": 152, "fields": {"school_class": 8, "subject": 1, "dow": 2, "hour": "12:00:00"}}, {"model": "schedule.schedule", "pk": 153, "fields": {"school_class": 9, "subject": 3, "dow": 2, "hour": "12:00:00"}}, {"model": "schedule.schedule", "pk": 154, "fields": {"school_class": 10, "subject": 13, "dow": 2, "hour": "12:00:00"}}, {"model": "schedule.schedule", "pk": 155, "fields": {"school_class": 11, "subject": 8, "dow": 2, "hour": "12:00:00"}}, {"model": "schedule.schedule", "pk": 156, "fields": {"school_class": 12, "subject": 4, "dow": 2, "hour": "12:00:00"}}, {"model": "schedule.schedule", "pk": 157, "fields": {"school_class": 1, "subject": 13, "dow": 2, "hour": "13:00:00"}}, {"model": "schedule.schedule", "pk": 158, "fields": {"school_class": 2, "subject": 9, "dow": 2, "hour": "13:00:00"}}, {"model": "schedule.schedule", "pk": 159, "fields": {"school_class": 3, "subject": 7, "dow": 2, "hour": "13:00:00"}}, {"model": "schedule.schedule", "pk": 160, "fields": {"school_class": 4, "subject": 11, "dow": 2, "hour": "13:00:00"}}, {"model": "schedule.schedule", "pk": 161, "fields": {"school_class": 5, "subject": 12, "dow": 2, "hour": "13:00:00"}}, {"model": "schedule.schedule", "pk": 162, "fields": {"school_class": 6, "subject": 2, "dow": 2, "hour": "13:00:00"}}, {"model": "schedule.schedule", "pk": 163, "fields": {"school_class": 7, "subject": 6, "dow": 2, "hour": "13:00:00"}}, {"model": "schedule.schedule", "pk": 164, "fields": {"school_class": 8, "subject": 8, "dow": 2, "hour": "13:00:00"}}, {"model": "schedule.schedule", "pk": 165, "fields": {"school_class": 9, "subject": 15, "dow": 2, "hour": "13:00:00"}}, {"model": "schedule.schedule", "pk": 166, "fields": {"school_class": 10, "subject": 4, "dow": 2, "hour": "13:00:00"}}, {"model": "schedule.schedule", "pk": 167, "fields": {"school_class": 11, "subject": 10, "dow": 2, "hour": "13:00:00"}}, {"model": "schedule.schedule", "pk": 168, "fields": {"school_class": 12, "subject": 16, "dow": 2, "hour": "13:00:00"}}, {"model": "schedule.schedule", "pk": 169, "fields": {"school_class": 1, "subject": 3, "dow": 2, "hour": "14:00:00"}}, {"model": "schedule.schedule", "pk": 170, "fields": {"school_class": 2, "subject": 15, "dow": 2, "hour": "14:00:00"}}, {"model": "schedule.schedule", "pk": 171, "fields": {"school_class": 3, "subject": 8, "dow": 2, "hour": "14:00:00"}}, {"model": "schedule.schedule", "pk": 172, "fields": {"school_class": 4, "subject": 16, "dow": 2, "hour": "14:00:00"}}, {"model": "schedule.schedule", "pk": 173, "fields": {"school_class": 5, "subject": 5, "dow": 2, "hour": "14:00:00"}}, {"model": "schedule.schedule", "pk": 174, "fields": {"school_class": 6, "subject": 1, "dow": 2, "hour": "14:00:00"}}, {"model": "schedule.schedule", "pk": 175, "fields": {"school_class": 7, "subject": 4, "dow": 2, "hour": "14:00:00"}}, {"model": "schedule.schedule", "pk": 176, "fields": {"school_class": 8, "subject": 11, "dow": 2, "hour": "14:00:00"}}, {"model": "schedule.schedule", "pk": 177, "fields": {"school_class": 9, "subject": 10, "dow": 2, "hour": "14:00:00"}}, {"model": "schedule.schedule", "pk": 178, "fields": {"school_class": 10, "subject": 13, "dow": 2, "hour": "14:00:00"}}, {"model": "schedule.schedule", "pk": 179, "fields": {"school_class": 11, "subject": 2, "dow": 2, "hour": "14:00:00"}}, {"model": "schedule.schedule", "pk": 180, "fields": {"school_class": 12, "subject": 12, "dow": 2, "hour": "14:00:00"}}, {"model": "schedule.schedule", "pk": 181, "fields": {"school_class": 1, "subject": 14, "dow": 2, "hour": "15:00:00"}}, {"model": "schedule.schedule", "pk": 182, "fields": {"school_class": 2, "subject": 5, "dow": 2, "hour": "15:00:00"}}, {"model": "schedule.schedule", "pk": 183, "fields": {"school_class": 3, "subject": 10, "dow": 2, "hour": "15:00:00"}}, {"model": "schedule.schedule", "pk": 184, "fields": {"school_class": 4, "subject": 12, "dow": 2, "hour": "15:00:00"}}, {"model": "schedule.schedule", "pk": 185, "fields": {"school_class": 5, "subject": 7, "dow": 2, "hour": "15:00:00"}}, {"model": "schedule.schedule", "pk": 186, "fields": {"school_class": 6, "subject": 15, "dow": 2, "hour": "15:00:00"}}, {"model": "schedule.schedule", "pk": 187, "fields": {"school_class": 7, "subject": 1, "dow": 2, "hour": "15:00:00"}}, {"model": "schedule.schedule", "pk": 188, "fields": {"school_class": 8, "subject": 2, "dow": 2, "hour": "15:00:00"}}, {"model": "schedule.schedule", "pk": 189, "fields": {"school_class": 9, "subject": 8, "dow": 2, "hour": "15:00:00"}}, {"model": "schedule.schedule", "pk": 190, "fields": {"school_class": 10, "subject": 4, "dow": 2, "hour": "15:00:00"}}, {"model": "schedule.schedule", "pk": 191, "fields": {"school_class": 11, "subject": 3, "dow": 2, "hour": "15:00:00"}}, {"model": "schedule.schedule", "pk": 192, "fields": {"school_class": 12, "subject": 9, "dow": 2, "hour": "15:00:00"}}, {"model": "schedule.schedule", "pk": 193, "fields": {"school_class": 1, "subject": 8, "dow": 3, "hour": "08:00:00"}}, {"model": "schedule.schedule", "pk": 194, "fields": {"school_class": 2, "subject": 11, "dow": 3, "hour": "08:00:00"}}, {"model": "schedule.schedule", "pk": 195, "fields": {"school_class": 3, "subject": 4, "dow": 3, "hour": "08:00:00"}}, {"model": "schedule.schedule", "pk": 196, "fields": {"school_class": 4, "subject": 6, "dow": 3, "hour": "08:00:00"}}, {"model": "schedule.schedule", "pk": 197, "fields": {"school_class": 5, "subject": 2, "dow": 3, "hour": "08:00:00"}}, {"model": "schedule.schedule", "pk": 198, "fields": {"school_class": 6, "subject": 12, "dow": 3, "hour": "08:00:00"}}, {"model": "schedule.schedule", "pk": 199, "fields": {"school_class": 7, "subject": 1, "dow": 3, "hour": "08:00:00"}}, {"model": "schedule.schedule", "pk": 200, "fields": {"school_class": 8, "subject": 16, "dow": 3, "hour": "08:00:00"}}, {"model": "schedule.schedule", "pk": 201, "fields": {"school_class": 9, "subject": 10, "dow": 3, "hour": "08:00:00"}}, {"model": "schedule.schedule", "pk": 202, "fields": {"school_class": 10, "subject": 7, "dow": 3, "hour": "08:00:00"}}, {"model": "schedule.schedule", "pk": 203, "fields": {"school_class": 11, "subject": 9, "dow": 3, "hour": "08:00:00"}}, {"model": "schedule.schedule", "pk": 204, "fields": {"school_class": 12, "subject": 5, "dow": 3, "hour": "08:00:00"}}, {"model": "schedule.schedule", "pk": 205, "fields": {"school_class": 1, "subject": 1, "dow": 3, "hour": "09:00:00"}}, {"model": "schedule.schedule", "pk": 206, "fields": {"school_class": 2, "subject": 6, "dow": 3, "hour": "09:00:00"}}, {"model": "schedule.schedule", "pk": 207, "fields": {"school_class": 3, "subject": 16, "dow": 3, "hour": "09:00:00"}}, {"model": "schedule.schedule", "pk": 208, "fields": {"school_class": 4, "subject": 14, "dow": 3, "hour": "09:00:00"}}, {"model": "schedule.schedule", "pk": 209, "fields": {"school_class": 5, "subject": 2, "dow": 3, "hour": "09:00:00"}}, {"model": "schedule.schedule", "pk": 210, "fields": {"school_class": 6, "subject": 9, "dow": 3, "hour": "09:00:00"}}, {"model": "schedule.schedule", "pk": 211, "fields": {"school_class": 7, "subject": 11, "dow": 3, "hour": "09:00:00"}}, {"model": "schedule.schedule", "pk": 212, "fields": {"school_class": 8, "subject": 5, "dow": 3, "hour": "09:00:00"}}, {"model": "schedule.schedule", "pk": 213, "fields": {"school_class": 9, "subject": 3, "dow": 3, "hour": "09:00:00"}}, {"model": "schedule.schedule", "pk": 214, "fields": {"school_class": 10, "subject": 4, "dow": 3, "hour": "09:00:00"}}, {"model": "schedule.schedule", "pk": 215, "fields": {"school_class": 11, "subject": 13, "dow": 3, "hour": "09:00:00"}}, {"model": "schedule.schedule", "pk": 216, "fields": {"school_class": 12, "subject": 10, "dow": 3, "hour": "09:00:00"}}, {"model": "schedule.schedule", "pk": 217, "fields": {"school_class": 1, "subject": 6, "dow": 3, "hour": "10:00:00"}}, {"model": "schedule.schedule", "pk": 218, "fields": {"school_class": 2, "subject": 9, "dow": 3, "hour": "10:00:00"}}, {"model": "schedule.schedule", "pk": 219, "fields": {"school_class": 3, "subject": 4, "dow": 3, "hour": "10:00:00"}}, {"model": "schedule.schedule", "pk": 220, "fields": {"school_class": 4, "subject": 5, "dow": 3, "hour": "10:00:00"}}, {"model": "schedule.schedule", "pk": 221, "fields": {"school_class": 5, "subject": 12, "dow": 3, "hour": "10:00:00"}}, {"model": "schedule.schedule", "pk": 222, "fields": {"school_class": 6, "subject": 1, "dow": 3, "hour": "10:00:00"}}, {"model": "schedule.schedule", "pk": 223, "fields": {"school_class": 7, "subject": 11, "dow": 3, "hour": "10:00:00"}}, {"model": "schedule.schedule", "pk": 224, "fields": {"school_class": 8, "subject": 8, "dow": 3, "hour": "10:00:00"}}, {"model": "schedule.schedule", "pk": 225, "fields": {"school_class": 9, "subject": 10, "dow": 3, "hour": "10:00:00"}}, {"model": "schedule.schedule", "pk": 226, "fields": {"school_class": 10, "subject": 16, "dow": 3, "hour": "10:00:00"}}, {"model": "schedule.schedule", "pk": 227, "fields": {"school_class": 11, "subject": 2, "dow": 3, "hour": "10:00:00"}}, {"model": "schedule.schedule", "pk": 228, "fields": {"school_class": 12, "subject": 3, "dow": 3, "hour": "10:00:00"}}, {"model": "schedule.schedule", "pk": 229, "fields": {"school_class": 1, "subject": 7, "dow": 3, "hour": "11:00:00"}}, {"model": "schedule.schedule", "pk": 230, "fields": {"school_class": 2, "subject": 6, "dow": 3, "hour": "11:00:00"}}, {"model": "schedule.schedule", "pk": 231, "fields": {"school_class": 3, "subject": 8, "dow": 3, "hour": "11:00:00"}}, {"model": "schedule.schedule", "pk": 232, "fields": {"school_class": 4, "subject": 16, "dow": 3, "hour": "11:00:00"}}, {"model": "schedule.schedule", "pk": 233, "fields": {"school_class": 5, "subject": 1, "dow": 3, "hour": "11:00:00"}}, {"model": "schedule.schedule", "pk": 234, "fields": {"school_class": 6, "subject": 12, "dow": 3, "hour": "11:00:00"}}, {"model": "schedule.schedule", "pk": 235, "fields": {"school_class": 7, "subject": 4, "dow": 3, "hour": "11:00:00"}}, {"model": "schedule.schedule", "pk": 236, "fields": {"school_class": 8, "subject": 5, "dow": 3, "hour": "11:00:00"}}, {"model": "schedule.schedule", "pk": 237, "fields": {"school_class": 9, "subject": 14, "dow": 3, "hour": "11:00:00"}}, {"model": "schedule.schedule", "pk": 238, "fields": {"school_class": 10, "subject": 15, "dow": 3, "hour": "11:00:00"}}, {"model": "schedule.schedule", "pk": 239, "fields": {"school_class": 11, "subject": 13, "dow": 3, "hour": "11:00:00"}}, {"model": "schedule.schedule", "pk": 240, "fields": {"school_class": 12, "subject": 10, "dow": 3, "hour": "11:00:00"}}, {"model": "schedule.schedule", "pk": 241, "fields": {"school_class": 1, "subject": 15, "dow": 3, "hour": "12:00:00"}}, {"model": "schedule.schedule", "pk": 242, "fields": {"school_class": 2, "subject": 9, "dow": 3, "hour": "12:00:00"}}, {"model": "schedule.schedule", "pk": 243, "fields": {"school_class": 3, "subject": 2, "dow": 3, "hour": "12:00:00"}}, {"model": "schedule.schedule", "pk": 244, "fields": {"school_class": 4, "subject": 1, "dow": 3, "hour": "12:00:00"}}, {"model": "schedule.schedule", "pk": 245, "fields": {"school_class": 5, "subject": 16, "dow": 3, "hour": "12:00:00"}}, {"model": "schedule.schedule", "pk": 246, "fields": {"school_class": 6, "subject": 10, "dow": 3, "hour": "12:00:00"}}, {"model": "schedule.schedule", "pk": 247, "fields": {"school_class": 7, "subject": 4, "dow": 3, "hour": "12:00:00"}}, {"model": "schedule.schedule", "pk": 248, "fields": {"school_class": 8, "subject": 6, "dow": 3, "hour": "12:00:00"}}, {"model": "schedule.schedule", "pk": 249, "fields": {"school_class": 9, "subject": 8, "dow": 3, "hour": "12:00:00"}}, {"model": "schedule.schedule", "pk": 250, "fields": {"school_class": 10, "subject": 7, "dow": 3, "hour": "12:00:00"}}, {"model": "schedule.schedule", "pk": 251, "fields": {"school_class": 11, "subject": 5, "dow": 3, "hour": "12:00:00"}}, {"model": "schedule.schedule", "pk": 252, "fields": {"school_class": 12, "subject": 11, "dow": 3, "hour": "12:00:00"}}, {"model": "schedule.schedule", "pk": 253, "fields": {"school_class": 1, "subject": 2, "dow": 3, "hour": "13:00:00"}}, {"model": "schedule.schedule", "pk": 254, "fields": {"school_class": 2, "subject": 4, "dow": 3, "hour": "13:00:00"}}, {"model": "schedule.schedule", "pk": 255, "fields": {"school_class": 3, "subject": 13, "dow": 3, "hour": "13:00:00"}}, {"model": "schedule.schedule", "pk": 256, "fields": {"school_class": 4, "subject": 9, "dow": 3, "hour": "13:00:00"}}, {"model": "schedule.schedule", "pk": 257, "fields": {"school_class": 5, "subject": 10, "dow": 3, "hour": "13:00:00"}}, {"model": "schedule.schedule", "pk": 258, "fields": {"school_class": 6, "subject": 11, "dow": 3, "hour": "13:00:00"}}, {"model": "schedule.schedule", "pk": 259, "fields": {"school_class": 7, "subject": 6, "dow": 3, "hour": "13:00:00"}}, {"model": "schedule.schedule", "pk": 260, "fields": {"school_class": 8, "subject": 5, "dow": 3, "hour": "13:00:00"}}, {"model": "schedule.schedule", "pk": 261, "fields": {"school_class": 9, "subject": 1, "dow": 3, "hour": "13:00:00"}}, {"model": "schedule.schedule", "pk": 262, "fields": {"school_class": 10, "subject": 3, "dow": 3, "hour": "13:00:00"}}, {"model": "schedule.schedule", "pk": 263, "fields": {"school_class": 11, "subject": 16, "dow": 3, "hour": "13:00:00"}}, {"model": "schedule.schedule", "pk": 264, "fields": {"school_class": 12, "subject": 12, "dow": 3, "hour": "13:00:00"}}, {"model": "schedule.schedule", "pk": 265, "fields": {"school_class": 1, "subject": 14, "dow": 3, "hour": "14:00:00"}}, {"model": "schedule.schedule", "pk": 266, "fields": {"school_class": 2, "subject": 6, "dow": 3, "hour": "14:00:00"}}, {"model": "schedule.schedule", "pk": 267, "fields": {"school_class": 3, "subject": 7, "dow": 3, "hour": "14:00:00"}}, {"model": "schedule.schedule", "pk": 268, "fields": {"school_class": 4, "subject": 13, "dow": 3, "hour": "14:00:00"}}, {"model": "schedule.schedule", "pk": 269, "fields": {"school_class": 5, "subject": 15, "dow": 3, "hour": "14:00:00"}}, {"model": "schedule.schedule", "pk": 270, "fields": {"school_class": 6, "subject": 8, "dow": 3, "hour": "14:00:00"}}, {"model": "schedule.schedule", "pk": 271, "fields": {"school_class": 7, "subject": 11, "dow": 3, "hour": "14:00:00"}}, {"model": "schedule.schedule", "pk": 272, "fields": {"school_class": 8, "subject": 9, "dow": 3, "hour": "14:00:00"}}, {"model": "schedule.schedule", "pk": 273, "fields": {"school_class": 9, "subject": 16, "dow": 3, "hour": "14:00:00"}}, {"model": "schedule.schedule", "pk": 274, "fields": {"school_class": 10, "subject": 10, "dow": 3, "hour": "14:00:00"}}, {"model": "schedule.schedule", "pk": 275, "fields": {"school_class": 11, "subject": 5, "dow": 3, "hour": "14:00:00"}}, {"model": "schedule.schedule", "pk": 276, "fields": {"school_class": 12, "subject": 1, "dow": 3, "hour": "14:00:00"}}, {"model": "schedule.schedule", "pk": 277, "fields": {"school_class": 1, "subject": 8, "dow": 3, "hour": "15:00:00"}}, {"model": "schedule.schedule", "pk": 278, "fields": {"school_class": 2, "subject": 1, "dow": 3, "hour": "15:00:00"}}, {"model": "schedule.schedule", "pk": 279, "fields": {"school_class": 3, "subject": 2, "dow": 3, "hour": "15:00:00"}}, {"model": "schedule.schedule", "pk": 280, "fields": {"school_class": 4, "subject": 13, "dow": 3, "hour": "15:00:00"}}, {"model": "schedule.schedule", "pk": 281, "fields": {"school_class": 5, "subject": 16, "dow": 3, "hour": "15:00:00"}}, {"model": "schedule.schedule", "pk": 282, "fields": {"school_class": 6, "subject": 12, "dow": 3, "hour": "15:00:00"}}, {"model": "schedule.schedule", "pk": 283, "fields": {"school_class": 7, "subject": 10, "dow": 3, "hour": "15:00:00"}}, {"model": "schedule.schedule", "pk": 284, "fields": {"school_class": 8, "subject": 7, "dow": 3, "hour": "15:00:00"}}, {"model": "schedule.schedule", "pk": 285, "fields": {"school_class": 9, "subject": 11, "dow": 3, "hour": "15:00:00"}}, {"model": "schedule.schedule", "pk": 286, "fields": {"school_class": 10, "subject": 3, "dow": 3, "hour": "15:00:00"}}, {"model": "schedule.schedule", "pk": 287, "fields": {"school_class": 11, "subject": 4, "dow": 3, "hour": "15:00:00"}}, {"model": "schedule.schedule", "pk": 288, "fields": {"school_class": 12, "subject": 5, "dow": 3, "hour": "15:00:00"}}, {"model": "schedule.schedule", "pk": 289, "fields": {"school_class": 1, "subject": 14, "dow": 4, "hour": "08:00:00"}}, {"model": "schedule.schedule", "pk": 290, "fields": {"school_class": 2, "subject": 16, "dow": 4, "hour": "08:00:00"}}, {"model": "schedule.schedule", "pk": 291, "fields": {"school_class": 3, "subject": 4, "dow": 4, "hour": "08:00:00"}}, {"model": "schedule.schedule", "pk": 292, "fields": {"school_class": 4, "subject": 6, "dow": 4, "hour": "08:00:00"}}, {"model": "schedule.schedule", "pk": 293, "fields": {"school_class": 5, "subject": 15, "dow": 4, "hour": "08:00:00"}}, {"model": "schedule.schedule", "pk": 294, "fields": {"school_class": 6, "subject": 5, "dow": 4, "hour": "08:00:00"}}, {"model": "schedule.schedule", "pk": 295, "fields": {"school_class": 7, "subject": 8, "dow": 4, "hour": "08:00:00"}}, {"model": "schedule.schedule", "pk": 296, "fields": {"school_class": 8, "subject": 13, "dow": 4, "hour": "08:00:00"}}, {"model": "schedule.schedule", "pk": 297, "fields": {"school_class": 9, "subject": 2, "dow": 4, "hour": "08:00:00"}}, {"model": "schedule.schedule", "pk": 298, "fields": {"school_class": 10, "subject": 9, "dow": 4, "hour": "08:00:00"}}, {"model": "schedule.schedule", "pk": 299, "fields": {"school_class": 11, "subject": 3, "dow": 4, "hour": "08:00:00"}}, {"model": "schedule.schedule", "pk": 300, "fields": {"school_class": 12, "subject": 7, "dow": 4, "hour": "08:00:00"}}, {"model": "schedule.schedule", "pk": 301, "fields": {"school_class": 1, "subject": 13, "dow": 4, "hour": "09:00:00"}}, {"model": "schedule.schedule", "pk": 302, "fields": {"school_class": 2, "subject": 11, "dow": 4, "hour": "09:00:00"}}, {"model": "schedule.schedule", "pk": 303, "fields": {"school_class": 3, "subject": 10, "dow": 4, "hour": "09:00:00"}}, {"model": "schedule.schedule", "pk": 304, "fields": {"school_class": 4, "subject": 8, "dow": 4, "hour": "09:00:00"}}, {"model": "schedule.schedule", "pk": 305, "fields": {"school_class": 5, "subject": 15, "dow": 4, "hour": "09:00:00"}}, {"model": "schedule.schedule", "pk": 306, "fields": {"school_class": 6, "subject": 12, "dow": 4, "hour": "09:00:00"}}, {"model": "schedule.schedule", "pk": 307, "fields": {"school_class": 7, "subject": 14, "dow": 4, "hour": "09:00:00"}}, {"model": "schedule.schedule", "pk": 308, "fields": {"school_class": 8, "subject": 5, "dow": 4, "hour": "09:00:00"}}, {"model": "schedule.schedule", "pk": 309, "fields": {"school_class": 9, "subject": 1, "dow": 4, "hour": "09:00:00"}}, {"model": "schedule.schedule", "pk": 310, "fields": {"school_class": 10, "subject": 3, "dow": 4, "hour": "09:00:00"}}, {"model": "schedule.schedule", "pk": 311, "fields": {"school_class": 11, "subject": 9, "dow": 4, "hour": "09:00:00"}}, {"model": "schedule.schedule", "pk": 312, "fields": {"school_class": 12, "subject": 16, "dow": 4, "hour": "09:00:00"}}, {"model": "schedule.schedule", "pk": 313, "fields": {"school_class": 1, "subject": 14, "dow": 4, "hour": "10:00:00"}}, {"model": "schedule.schedule", "pk": 314, "fields": {"school_class": 2, "subject": 15, "dow": 4, "hour": "10:00:00"}}, {"model": "schedule.schedule", "pk": 315, "fields": {"school_class": 3, "subject": 7, "dow": 4, "hour": "10:00:00"}}, {"model": "schedule.schedule", "pk": 316, "fields": {"school_class": 4, "subject": 5, "dow": 4, "hour": "10:00:00"}}, {"model": "schedule.schedule", "pk": 317, "fields": {"school_class": 5, "subject": 3, "dow": 4, "hour": "10:00:00"}}, {"model": "schedule.schedule", "pk": 318, "fields": {"school_class": 6, "subject": 6, "dow": 4, "hour": "10:00:00"}}, {"model": "schedule.schedule", "pk": 319, "fields": {"school_class": 7, "subject": 16, "dow": 4, "hour": "10:00:00"}}, {"model": "schedule.schedule", "pk": 320, "fields": {"school_class": 8, "subject": 2, "dow": 4, "hour": "10:00:00"}}, {"model": "schedule.schedule", "pk": 321, "fields": {"school_class": 9, "subject": 12, "dow": 4, "hour": "10:00:00"}}, {"model": "schedule.schedule", "pk": 322, "fields": {"school_class": 10, "subject": 4, "dow": 4, "hour": "10:00:00"}}, {"model": "schedule.schedule", "pk": 323, "fields": {"school_class": 11, "subject": 9, "dow": 4, "hour": "10:00:00"}}, {"model": "schedule.schedule", "pk": 324, "fields": {"school_class": 12, "subject": 1, "dow": 4, "hour": "10:00:00"}}, {"model": "schedule.schedule", "pk": 325, "fields": {"school_class": 1, "subject": 4, "dow": 4, "hour": "11:00:00"}}, {"model": "schedule.schedule", "pk": 326, "fields": {"school_class": 2, "subject": 16, "dow": 4, "hour": "11:00:00"}}, {"model": "schedule.schedule", "pk": 327, "fields": {"school_class": 3, "subject": 1, "dow": 4, "hour": "11:00:00"}}, {"model": "schedule.schedule", "pk": 328, "fields": {"school_class": 4, "subject": 13, "dow": 4, "hour": "11:00:00"}}, {"model": "schedule.schedule", "pk": 329, "fields": {"school_class": 5, "subject": 6, "dow": 4, "hour": "11:00:00"}}, {"model": "schedule.schedule", "pk": 330, "fields": {"school_class": 6, "subject": 11, "dow": 4, "hour": "11:00:00"}}, {"model": "schedule.schedule", "pk": 331, "fields": {"school_class": 7, "subject": 5, "dow": 4, "hour": "11:00:00"}}, {"model": "schedule.schedule", "pk": 332, "fields": {"school_class": 8, "subject": 12, "dow": 4, "hour": "11:00:00"}}, {"model": "schedule.schedule", "pk": 333, "fields": {"school_class": 9, "subject": 14, "dow": 4, "hour": "11:00:00"}}, {"model": "schedule.schedule", "pk": 334, "fields": {"school_class": 10, "subject": 3, "dow": 4, "hour": "11:00:00"}}, {"model": "schedule.schedule", "pk": 335, "fields": {"school_class": 11, "subject": 2, "dow": 4, "hour": "11:00:00"}}, {"model": "schedule.schedule", "pk": 336, "fields": {"school_class": 12, "subject": 7, "dow": 4, "hour": "11:00:00"}}, {"model": "schedule.schedule", "pk": 337, "fields": {"school_class": 1, "subject": 7, "dow": 4, "hour": "12:00:00"}}, {"model": "schedule.schedule", "pk": 338, "fields": {"school_class": 2, "subject": 1, "dow": 4, "hour": "12:00:00"}}, {"model": "schedule.schedule", "pk": 339, "fields": {"school_class": 3, "subject": 3, "dow": 4, "hour": "12:00:00"}}, {"model": "schedule.schedule", "pk": 340, "fields": {"school_class": 4, "subject": 10, "dow": 4, "hour": "12:00:00"}}, {"model": "schedule.schedule", "pk": 341, "fields": {"school_class": 5, "subject": 11, "dow": 4, "hour": "12:00:00"}}, {"model": "schedule.schedule", "pk": 342, "fields": {"school_class": 6, "subject": 9, "dow": 4, "hour": "12:00:00"}}, {"model": "schedule.schedule", "pk": 343, "fields": {"school_class": 7, "subject": 12, "dow": 4, "hour": "12:00:00"}}, {"model": "schedule.schedule", "pk": 344, "fields": {"school_class": 8, "subject": 6, "dow": 4, "hour": "12:00:00"}}, {"model": "schedule.schedule", "pk": 345, "fields": {"school_class": 9, "subject": 13, "dow": 4, "hour": "12:00:00"}}, {"model": "schedule.schedule", "pk": 346, "fields": {"school_class": 10, "subject": 8, "dow": 4, "hour": "12:00:00"}}, {"model": "schedule.schedule", "pk": 347, "fields": {"school_class": 11, "subject": 4, "dow": 4, "hour": "12:00:00"}}, {"model": "schedule.schedule", "pk": 348, "fields": {"school_class": 12, "subject": 14, "dow": 4, "hour": "12:00:00"}}, {"model": "schedule.schedule", "pk": 349, "fields": {"school_class": 1, "subject": 12, "dow": 4, "hour": "13:00:00"}}, {"model": "schedule.schedule", "pk": 350, "fields": {"school_class": 2, "subject": 16, "dow": 4, "hour": "13:00:00"}}, {"model": "schedule.schedule", "pk": 351, "fields": {"school_class": 3, "subject": 8, "dow": 4, "hour": "13:00:00"}}, {"model": "schedule.schedule", "pk": 352, "fields": {"school_class": 4, "subject": 2, "dow": 4, "hour": "13:00:00"}}, {"model": "schedule.schedule", "pk": 353, "fields": {"school_class": 5, "subject": 1, "dow": 4, "hour": "13:00:00"}}, {"model": "schedule.schedule", "pk": 354, "fields": {"school_class": 6, "subject": 13, "dow": 4, "hour": "13:00:00"}}, {"model": "schedule.schedule", "pk": 355, "fields": {"school_class": 7, "subject": 14, "dow": 4, "hour": "13:00:00"}}, {"model": "schedule.schedule", "pk": 356, "fields": {"school_class": 8, "subject": 5, "dow": 4, "hour": "13:00:00"}}, {"model": "schedule.schedule", "pk": 357, "fields": {"school_class": 9, "subject": 4, "dow": 4, "hour": "13:00:00"}}, {"model": "schedule.schedule", "pk": 358, "fields": {"school_class": 10, "subject": 3, "dow": 4, "hour": "13:00:00"}}, {"model": "schedule.schedule", "pk": 359, "fields": {"school_class": 11, "subject": 11, "dow": 4, "hour": "13:00:00"}}, {"model": "schedule.schedule", "pk": 360, "fields": {"school_class": 12, "subject": 7, "dow": 4, "hour": "13:00:00"}}, {"model": "schedule.schedule", "pk": 361, "fields": {"school_class": 1, "subject": 4, "dow": 4, "hour": "14:00:00"}}, {"model": "schedule.schedule", "pk": 362, "fields": {"school_class": 2, "subject": 10, "dow": 4, "hour": "14:00:00"}}, {"model": "schedule.schedule", "pk": 363, "fields": {"school_class": 3, "subject": 9, "dow": 4, "hour": "14:00:00"}}, {"model": "schedule.schedule", "pk": 364, "fields": {"school_class": 4, "subject": 3, "dow": 4, "hour": "14:00:00"}}, {"model": "schedule.schedule", "pk": 365, "fields": {"school_class": 5, "subject": 12, "dow": 4, "hour": "14:00:00"}}, {"model": "schedule.schedule", "pk": 366, "fields": {"school_class": 6, "subject": 11, "dow": 4, "hour": "14:00:00"}}, {"model": "schedule.schedule", "pk": 367, "fields": {"school_class": 7, "subject": 8, "dow": 4, "hour": "14:00:00"}}, {"model": "schedule.schedule", "pk": 368, "fields": {"school_class": 8, "subject": 6, "dow": 4, "hour": "14:00:00"}}, {"model": "schedule.schedule", "pk": 369, "fields": {"school_class": 9, "subject": 16, "dow": 4, "hour": "14:00:00"}}, {"model": "schedule.schedule", "pk": 370, "fields": {"school_class": 10, "subject": 5, "dow": 4, "hour": "14:00:00"}}, {"model": "schedule.schedule", "pk": 371, "fields": {"school_class": 11, "subject": 15, "dow": 4, "hour": "14:00:00"}}, {"model": "schedule.schedule", "pk": 372, "fields": {"school_class": 12, "subject": 7, "dow": 4, "hour": "14:00:00"}}, {"model": "schedule.schedule", "pk": 373, "fields": {"school_class": 1, "subject": 2, "dow": 4, "hour": "15:00:00"}}, {"model": "schedule.schedule", "pk": 374, "fields": {"school_class": 2, "subject": 11, "dow": 4, "hour": "15:00:00"}}, {"model": "schedule.schedule", "pk": 375, "fields": {"school_class": 3, "subject": 12, "dow": 4, "hour": "15:00:00"}}, {"model": "schedule.schedule", "pk": 376, "fields": {"school_class": 4, "subject": 6, "dow": 4, "hour": "15:00:00"}}, {"model": "schedule.schedule", "pk": 377, "fields": {"school_class": 5, "subject": 13, "dow": 4, "hour": "15:00:00"}}, {"model": "schedule.schedule", "pk": 378, "fields": {"school_class": 6, "subject": 16, "dow": 4, "hour": "15:00:00"}}, {"model": "schedule.schedule", "pk": 379, "fields": {"school_class": 7, "subject": 15, "dow": 4, "hour": "15:00:00"}}, {"model": "schedule.schedule", "pk": 380, "fields": {"school_class": 8, "subject": 14, "dow": 4, "hour": "15:00:00"}}, {"model": "schedule.schedule", "pk": 381, "fields": {"school_class": 9, "subject": 10, "dow": 4, "hour": "15:00:00"}}, {"model": "schedule.schedule", "pk": 382, "fields": {"school_class": 10, "subject": 5, "dow": 4, "hour": "15:00:00"}}, {"model": "schedule.schedule", "pk": 383, "fields": {"school_class": 11, "subject": 3, "dow": 4, "hour": "15:00:00"}}, {"model": "schedule.schedule", "pk": 384, "fields": {"school_class": 12, "subject": 1, "dow": 4, "hour": "15:00:00"}}, {"model": "schedule.schedule", "pk": 385, "fields": {"school_class": 1, "subject": 2, "dow": 5, "hour": "08:00:00"}}, {"model": "schedule.schedule", "pk": 386, "fields": {"school_class": 2, "subject": 3, "dow": 5, "hour": "08:00:00"}}, {"model": "schedule.schedule", "pk": 387, "fields": {"school_class": 3, "subject": 15, "dow": 5, "hour": "08:00:00"}}, {"model": "schedule.schedule", "pk": 388, "fields": {"school_class": 4, "subject": 11, "dow": 5, "hour": "08:00:00"}}, {"model": "schedule.schedule", "pk": 389, "fields": {"school_class": 5, "subject": 9, "dow": 5, "hour": "08:00:00"}}, {"model": "schedule.schedule", "pk": 390, "fields": {"school_class": 6, "subject": 5, "dow": 5, "hour": "08:00:00"}}, {"model": "schedule.schedule", "pk": 391, "fields": {"school_class": 7, "subject": 16, "dow": 5, "hour": "08:00:00"}}, {"model": "schedule.schedule", "pk": 392, "fields": {"school_class": 8, "subject": 6, "dow": 5, "hour": "08:00:00"}}, {"model": "schedule.schedule", "pk": 393, "fields": {"school_class": 9, "subject": 12, "dow": 5, "hour": "08:00:00"}}, {"model": "schedule.schedule", "pk": 394, "fields": {"school_class": 10, "subject": 13, "dow": 5, "hour": "08:00:00"}}, {"model": "schedule.schedule", "pk": 395, "fields": {"school_class": 11, "subject": 10, "dow": 5, "hour": "08:00:00"}}, {"model": "schedule.schedule", "pk": 396, "fields": {"school_class": 12, "subject": 14, "dow": 5, "hour": "08:00:00"}}, {"model": "schedule.schedule", "pk": 397, "fields": {"school_class": 1, "subject": 8, "dow": 5, "hour": "09:00:00"}}, {"model": "schedule.schedule", "pk": 398, "fields": {"school_class": 2, "subject": 1, "dow": 5, "hour": "09:00:00"}}, {"model": "schedule.schedule", "pk": 399, "fields": {"school_class": 3, "subject": 11, "dow": 5, "hour": "09:00:00"}}, {"model": "schedule.schedule", "pk": 400, "fields": {"school_class": 4, "subject": 16, "dow": 5, "hour": "09:00:00"}}, {"model": "schedule.schedule", "pk": 401, "fields": {"school_class": 5, "subject": 15, "dow": 5, "hour": "09:00:00"}}, {"model": "schedule.schedule", "pk": 402, "fields": {"school_class": 6, "subject": 10, "dow": 5, "hour": "09:00:00"}}, {"model": "schedule.schedule", "pk": 403, "fields": {"school_class": 7, "subject": 7, "dow": 5, "hour": "09:00:00"}}, {"model": "schedule.schedule", "pk": 404, "fields": {"school_class": 8, "subject": 2, "dow": 5, "hour": "09:00:00"}}, {"model": "schedule.schedule", "pk": 405, "fields": {"school_class": 9, "subject": 3, "dow": 5, "hour": "09:00:00"}}, {"model": "schedule.schedule", "pk": 406, "fields": {"school_class": 10, "subject": 9, "dow": 5, "hour": "09:00:00"}}, {"model": "schedule.schedule", "pk": 407, "fields": {"school_class": 11, "subject": 12, "dow": 5, "hour": "09:00:00"}}, {"model": "schedule.schedule", "pk": 408, "fields": {"school_class": 12, "subject": 6, "dow": 5, "hour": "09:00:00"}}, {"model": "schedule.schedule", "pk": 409, "fields": {"school_class": 1, "subject": 15, "dow": 5, "hour": "10:00:00"}}, {"model": "schedule.schedule", "pk": 410, "fields": {"school_class": 2, "subject": 1, "dow": 5, "hour": "10:00:00"}}, {"model": "schedule.schedule", "pk": 411, "fields": {"school_class": 3, "subject": 8, "dow": 5, "hour": "10:00:00"}}, {"model": "schedule.schedule", "pk": 412, "fields": {"school_class": 4, "subject": 13, "dow": 5, "hour": "10:00:00"}}, {"model": "schedule.schedule", "pk": 413, "fields": {"school_class": 5, "subject": 11, "dow": 5, "hour": "10:00:00"}}, {"model": "schedule.schedule", "pk": 414, "fields": {"school_class": 6, "subject": 14, "dow": 5, "hour": "10:00:00"}}, {"model": "schedule.schedule", "pk": 415, "fields": {"school_class": 7, "subject": 6, "dow": 5, "hour": "10:00:00"}}, {"model": "schedule.schedule", "pk": 416, "fields": {"school_class": 8, "subject": 12, "dow": 5, "hour": "10:00:00"}}, {"model": "schedule.schedule", "pk": 417, "fields": {"school_class": 9, "subject": 16, "dow": 5, "hour": "10:00:00"}}, {"model": "schedule.schedule", "pk": 418, "fields": {"school_class": 10, "subject": 10, "dow": 5, "hour": "10:00:00"}}, {"model": "schedule.schedule", "pk": 419, "fields": {"school_class": 11, "subject": 4, "dow": 5, "hour": "10:00:00"}}, {"model": "schedule.schedule", "pk": 420, "fields": {"school_class": 12, "subject": 3, "dow": 5, "hour": "10:00:00"}}, {"model": "schedule.schedule", "pk": 421, "fields": {"school_class": 1, "subject": 1, "dow": 5, "hour": "11:00:00"}}, {"model": "schedule.schedule", "pk": 422, "fields": {"school_class": 2, "subject": 5, "dow": 5, "hour": "11:00:00"}}, {"model": "schedule.schedule", "pk": 423, "fields": {"school_class": 3, "subject": 11, "dow": 5, "hour": "11:00:00"}}, {"model": "schedule.schedule", "pk": 424, "fields": {"school_class": 4, "subject": 14, "dow": 5, "hour": "11:00:00"}}, {"model": "schedule.schedule", "pk": 425, "fields": {"school_class": 5, "subject": 13, "dow": 5, "hour": "11:00:00"}}, {"model": "schedule.schedule", "pk": 426, "fields": {"school_class": 6, "subject": 3, "dow": 5, "hour": "11:00:00"}}, {"model": "schedule.schedule", "pk": 427, "fields": {"school_class": 7, "subject": 8, "dow": 5, "hour": "11:00:00"}}, {"model": "schedule.schedule", "pk": 428, "fields": {"school_class": 8, "subject": 15, "dow": 5, "hour": "11:00:00"}}, {"model": "schedule.schedule", "pk": 429, "fields": {"school_class": 9, "subject": 6, "dow": 5, "hour": "11:00:00"}}, {"model": "schedule.schedule", "pk": 430, "fields": {"school_class": 10, "subject": 16, "dow": 5, "hour": "11:00:00"}}, {"model": "schedule.schedule", "pk": 431, "fields": {"school_class": 11, "subject": 12, "dow": 5, "hour": "11:00:00"}}, {"model": "schedule.schedule", "pk": 432, "fields": {"school_class": 12, "subject": 7, "dow": 5, "hour": "11:00:00"}}, {"model": "schedule.schedule", "pk": 433, "fields": {"school_class": 1, "subject": 5, "dow": 5, "hour": "12:00:00"}}, {"model": "schedule.schedule", "pk": 434, "fields": {"school_class": 2, "subject": 9, "dow": 5, "hour": "12:00:00"}}, {"model": "schedule.schedule", "pk": 435, "fields": {"school_class": 3, "subject": 13, "dow": 5, "hour": "12:00:00"}}, {"model": "schedule.schedule", "pk": 436, "fields": {"school_class": 4, "subject": 7, "dow": 5, "hour": "12:00:00"}}, {"model": "schedule.schedule", "pk": 437, "fields": {"school_class": 5, "subject": 4, "dow": 5, "hour": "12:00:00"}}, {"model": "schedule.schedule", "pk": 438, "fields": {"school_class": 6, "subject": 15, "dow": 5, "hour": "12:00:00"}}, {"model": "schedule.schedule", "pk": 439, "fields": {"school_class": 7, "subject": 16, "dow": 5, "hour": "12:00:00"}}, {"model": "schedule.schedule", "pk": 440, "fields": {"school_class": 8, "subject": 11, "dow": 5, "hour": "12:00:00"}}, {"model": "schedule.schedule", "pk": 441, "fields": {"school_class": 9, "subject": 12, "dow": 5, "hour": "12:00:00"}}, {"model": "schedule.schedule", "pk": 442, "fields": {"school_class": 10, "subject": 3, "dow": 5, "hour": "12:00:00"}}, {"model": "schedule.schedule", "pk": 443, "fields": {"school_class": 11, "subject": 14, "dow": 5, "hour": "12:00:00"}}, {"model": "schedule.schedule", "pk": 444, "fields": {"school_class": 12, "subject": 10, "dow": 5, "hour": "12:00:00"}}, {"model": "schedule.schedule", "pk": 445, "fields": {"school_class": 1, "subject": 5, "dow": 5, "hour": "13:00:00"}}, {"model": "schedule.schedule", "pk": 446, "fields": {"school_class": 2, "subject": 6, "dow": 5, "hour": "13:00:00"}}, {"model": "schedule.schedule", "pk": 447, "fields": {"school_class": 3, "subject": 11, "dow": 5, "hour": "13:00:00"}}, {"model": "schedule.schedule", "pk": 448, "fields": {"school_class": 4, "subject": 9, "dow": 5, "hour": "13:00:00"}}, {"model": "schedule.schedule", "pk": 449, "fields": {"school_class": 5, "subject": 14, "dow": 5, "hour": "13:00:00"}}, {"model": "schedule.schedule", "pk": 450, "fields": {"school_class": 6, "subject": 13, "dow": 5, "hour": "13:00:00"}}, {"model": "schedule.schedule", "pk": 451, "fields": {"school_class": 7, "subject": 3, "dow": 5, "hour": "13:00:00"}}, {"model": "schedule.schedule", "pk": 452, "fields": {"school_class": 8, "subject": 10, "dow": 5, "hour": "13:00:00"}}, {"model": "schedule.schedule", "pk": 453, "fields": {"school_class": 9, "subject": 4, "dow": 5, "hour": "13:00:00"}}, {"model": "schedule.schedule", "pk": 454, "fields": {"school_class": 10, "subject": 12, "dow": 5, "hour": "13:00:00"}}, {"model": "schedule.schedule", "pk": 455, "fields": {"school_class": 11, "subject": 1, "dow": 5, "hour": "13:00:00"}}, {"model": "schedule.schedule", "pk": 456, "fields": {"school_class": 12, "subject": 2, "dow": 5, "hour": "13:00:00"}}, {"model": "schedule.schedule", "pk": 457, "fields": {"school_class": 1, "subject": 1, "dow": 5, "hour": "14:00:00"}}, {"model": "schedule.schedule", "pk": 458, "fields": {"school_class": 2, "subject": 13, "dow": 5, "hour": "14:00:00"}}, {"model": "schedule.schedule", "pk": 459, "fields": {"school_class": 3, "subject": 7, "dow": 5, "hour": "14:00:00"}}, {"model": "schedule.schedule", "pk": 460, "fields": {"school_class": 4, "subject": 10, "dow": 5, "hour": "14:00:00"}}, {"model": "schedule.schedule", "pk": 461, "fields": {"school_class": 5, "subject": 4, "dow": 5, "hour": "14:00:00"}}, {"model": "schedule.schedule", "pk": 462, "fields": {"school_class": 6, "subject": 2, "dow": 5, "hour": "14:00:00"}}, {"model": "schedule.schedule", "pk": 463, "fields": {"school_class": 7, "subject": 11, "dow": 5, "hour": "14:00:00"}}, {"model": "schedule.schedule", "pk": 464, "fields": {"school_class": 8, "subject": 5, "dow": 5, "hour": "14:00:00"}}, {"model": "schedule.schedule", "pk": 465, "fields": {"school_class": 9, "subject": 9, "dow": 5, "hour": "14:00:00"}}, {"model": "schedule.schedule", "pk": 466, "fields": {"school_class": 10, "subject": 8, "dow": 5, "hour": "14:00:00"}}, {"model": "schedule.schedule", "pk": 467, "fields": {"school_class": 11, "subject": 3, "dow": 5, "hour": "14:00:00"}}, {"model": "schedule.schedule", "pk": 468, "fields": {"school_class": 12, "subject": 15, "dow": 5, "hour": "14:00:00"}}, {"model": "schedule.schedule", "pk": 469, "fields": {"school_class": 1, "subject": 1, "dow": 5, "hour": "15:00:00"}}, {"model": "schedule.schedule", "pk": 470, "fields": {"school_class": 2, "subject": 9, "dow": 5, "hour": "15:00:00"}}, {"model": "schedule.schedule", "pk": 471, "fields": {"school_class": 3, "subject": 7, "dow": 5, "hour": "15:00:00"}}, {"model": "schedule.schedule", "pk": 472, "fields": {"school_class": 4, "subject": 3, "dow": 5, "hour": "15:00:00"}}, {"model": "schedule.schedule", "pk": 473, "fields": {"school_class": 5, "subject": 6, "dow": 5, "hour": "15:00:00"}}, {"model": "schedule.schedule", "pk": 474, "fields": {"school_class": 6, "subject": 16, "dow": 5, "hour": "15:00:00"}}, {"model": "schedule.schedule", "pk": 475, "fields": {"school_class": 7, "subject": 5, "dow": 5, "hour": "15:00:00"}}, {"model": "schedule.schedule", "pk": 476, "fields": {"school_class": 8, "subject": 15, "dow": 5, "hour": "15:00:00"}}, {"model": "schedule.schedule", "pk": 477, "fields": {"school_class": 9, "subject": 13, "dow": 5, "hour": "15:00:00"}}, {"model": "schedule.schedule", "pk": 478, "fields": {"school_class": 10, "subject": 11, "dow": 5, "hour": "15:00:00"}}, {"model": "schedule.schedule", "pk": 479, "fields": {"school_class": 11, "subject": 8, "dow": 5, "hour": "15:00:00"}}, {"model": "schedule.schedule", "pk": 480, "fields": {"school_class": 12, "subject": 14, "dow": 5, "hour": "15:00:00"}}]
